INSERT INTO CUSTOMER(ID, USER_NAME, PASSWORD) VALUES (1, "sangmin", "1234");
INSERT INTO CUSTOMER(ID, USER_NAME, PASSWORD) VALUES (2, "somin", "1234");
INSERT INTO CUSTOMER(ID, USER_NAME, PASSWORD) VALUES (3, "minsu", "1234");
INSERT INTO ACCOUNT(ID,ACCOUNT_NUMBER,CUSTOMER_ID,BANK_CODE,BALANCE,ACCOUNT_CODE) VALUES (1,"229-910403-67507",1,"HANA",100000,"입출금");
INSERT INTO ACCOUNT(ID,ACCOUNT_NUMBER,CUSTOMER_ID,BANK_CODE,BALANCE,ACCOUNT_CODE) VALUES (2,"321-523214-12353",2,"KB",200000,"펀드");
INSERT INTO ACCOUNT(ID,ACCOUNT_NUMBER,CUSTOMER_ID,BANK_CODE,BALANCE,ACCOUNT_CODE) VALUES (3,"222-432244-13245",3,"SC",300000,"예금");
INSERT INTO ACCOUNT(ID,ACCOUNT_NUMBER,CUSTOMER_ID,BANK_CODE,BALANCE,ACCOUNT_CODE) VALUES (4,"333-321233-32152",2,"HANA",400000,"예금");
INSERT INTO ACCOUNT(ID,ACCOUNT_NUMBER,CUSTOMER_ID,BANK_CODE,BALANCE,ACCOUNT_CODE) VALUES (5,"192-910033-82625",1,"HANA",6000000,"펀드");
INSERT INTO NUMBER_BOOK(ID,FROM_CUSTOMER_ID,TO_CUSTOMER_ID,PHONE_NUMBER,NUMBER_NAME) VALUES (1,1,2,"010-3371-2745","이상민");
INSERT INTO NUMBER_BOOK(ID,FROM_CUSTOMER_ID,TO_CUSTOMER_ID,PHONE_NUMBER,NUMBER_NAME) VALUES (2,1,3,"010-5313-4313","정수현");
INSERT INTO PHONE_NUMBER_ACCOUNT(ID,CUSTOMER_ID,ACCOUNT_ID) VALUES (1,2,4);
INSERT INTO PHONE_NUMBER_ACCOUNT(ID,CUSTOMER_ID,ACCOUNT_ID) VALUES (2,3,3);
INSERT INTO REMIT_COMMON_GUIDE(ID,GUIDE) VALUES (1,"좌측 상단의 돈 보내기 버튼을 누르세요");
INSERT INTO REMIT_COMMON_GUIDE(ID,GUIDE) VALUES (2,"계좌와 전화번호 중 돈 보낼 방법을 선택해주세요.선택한 이후 다음 버튼을 눌러주세요");
INSERT INTO REMIT_COMMON_GUIDE(ID,GUIDE) VALUES (3,"우측 하단의 상품 가입 버튼을 누르세요");
INSERT INTO REMIT_ACCOUNT_GUIDE(ID,GUIDE) VALUES (1,"계좌 목록 중에서 계좌 하나를 선택하세요.선택한 이후 다음 버튼을 눌러주세요");
INSERT INTO REMIT_ACCOUNT_GUIDE(ID,GUIDE) VALUES (2,"선택한 계좌가 맞는지 확인해 주세요.맞으면 돈 보내기를 눌러주시고 다른 계좌를 선택하시고 싶으시면 다른 계좌에서 돈 보내기를 눌러주세요");
INSERT INTO REMIT_ACCOUNT_GUIDE(ID,GUIDE) VALUES (3,"보낼 계좌의 계좌번호를 상단에 계좌의 은행 정보를 하단에 입력해 주세요. 입력 후 다음 버튼을 눌러주세요.");
INSERT INTO REMIT_ACCOUNT_GUIDE(ID,GUIDE) VALUES (4,"보내실 금액을 입력해 주세요.입력 후 다음 버튼을 눌러주세요");
INSERT INTO REMIT_ACCOUNT_GUIDE(ID,GUIDE) VALUES (5,"손님의 안전한금융거래를 위한 안내사항입니다.");
INSERT INTO REMIT_ACCOUNT_GUIDE(ID,GUIDE) VALUES (6,"계좌 비밀번호 4자리를 입력해주세요. 입력 후 다음 버튼을 누르면 송금이 완료됩니다.");
INSERT INTO REMIT_ACCOUNT_GUIDE(ID,GUIDE) VALUES (7,"송금이 완료되었습니다. 감사합니다.");
INSERT INTO REMIT_PHONE_GUIDE(ID,GUIDE) VALUES (1,"계좌 목록 중에서 계좌 하나를 선택하세요.선택한 이후 다음 버튼을 눌러주세요");
INSERT INTO REMIT_PHONE_GUIDE(ID,GUIDE) VALUES (2,"누구에게 보낼까요? 보내고 싶으신 번호를 연락처에서 찾고 싶으시면 연락처에서 찾기 버튼을 눌러주세요.");
INSERT INTO REMIT_PHONE_GUIDE(ID,GUIDE) VALUES (3,"연락처 목록에서 보내고 싶은 사람을 선택해주세요.");
INSERT INTO REMIT_PHONE_GUIDE(ID,GUIDE) VALUES (4,"받는 사람의 성함과 은행을 확인해주세요. 맞으면 다음 버튼을 눌러주세요.");
INSERT INTO REMIT_PHONE_GUIDE(ID,GUIDE) VALUES (5,"보낼 금액을 입력해주세요.입력 후 다음 버튼을 눌러주세요");
INSERT INTO REMIT_PHONE_GUIDE(ID,GUIDE) VALUES (6,"손님의 안전한금융거래를 위한 안내사항입니다.");
INSERT INTO REMIT_PHONE_GUIDE(ID,GUIDE) VALUES (7,"계좌의 비밀번호 4자리를 입력해주세요. 입력 후 다음 버튼을 누르면 송금이 완료됩니다.");
INSERT INTO REMIT_PHONE_GUIDE(ID,GUIDE) VALUES (8,"송금이 완료되었습니다. 감사합니다.");
INSERT INTO ITEM_GUIDE(ID,GUIDE) VALUES (1,"안녕하세요 손자/손녀예요. 손님께 적합한 상품 가입을 도와드릴게요");
INSERT INTO ITEM_GUIDE(ID,GUIDE) VALUES (2,"관심 있는 혜택을 선택해주세요");
INSERT INTO ITEM_GUIDE(ID,GUIDE) VALUES (3,"생활비 할인을 받을 수 있는 카드를 추천해드릴게요.");
INSERT INTO ITEM_GUIDE(ID,GUIDE) VALUES (4,"목돈 마련하는 것에 도움이 될 수 있는 상품을 추천해드릴게요.");
INSERT INTO ITEM_GUIDE(ID,GUIDE) VALUES (5,"연금을 받는 것에 도움이 될 수 있는 상품을 추천해드릴게요.");
INSERT INTO ITEM_GUIDE(ID,GUIDE) VALUES (6,"집 구매하는 것에 도움이 될 수 있는 상품을 추천해드릴게요.");
INSERT INTO ITEM_GUIDE(ID,GUIDE) VALUES (7,"선택하신 상품에 대한 자세한 설명을 문자로 받아보시겠어요? 예 또는 아니요 버튼을 눌러주세요. 더 많은 금융 지식을 보기 원하시면 금융지식 더 배우기를 눌러주세요.");
INSERT INTO ITEM_GUIDE(ID,GUIDE) VALUES (8,"금융지식을 배우고 싶다면 아래 중 원하시는 항목을 선택해주세요");
